<core:FragmentDefinition
	xmlns:l="sap.ui.layout"
	xmlns:f="sap.ui.layout.form"
	xmlns:t="sap.ui.table"
	xmlns:core="sap.ui.core"
	xmlns="sap.m"
>
	<l:Grid
		defaultSpan="L12 M12 S12"
		width="auto"
	>
		<l:content>
			<t:Table
				id="soTable"
				alternateRowColors="false"
				columnHeaderHeight=""
				columnHeaderVisible="true"
				editable="true"
				enableBusyIndicator="false"
				enableCellFilter="false"
				enableColumnFreeze="false"
				enableColumnReordering="true"
				enableCustomFilter="false"
				enableGrouping="false"
				enableSelectAll="true"
				firstVisibleRow="0"
				fixedBottomRowCount="0"
				fixedColumnCount="0"
				fixedRowCount="0"
				minAutoRowCount="5"
				rowActionCount="0"
				rowHeight=""
				selectionBehavior="RowSelector"
				selectionMode="MultiToggle"
				showColumnVisibilityMenu="false"
				showNoData="true"
				showOverlay="false"
				threshold="100"
				visibleRowCount="10"
				visibleRowCountMode="Fixed"
				width="auto"
				rows="{orderModel>/Orders}"
			>
				<t:columns>
					<t:Column>
						<Label
							text="{i18n>OrderId}"
							width="10rem"
						/>
						<t:template>
							<Link
								text="{orderModel>OrderId}"
								emphasized="true"
								press="onOrderIdLinkPressed"
								class="gridTableCell"
							/>
						</t:template>
					</t:Column>
					<t:Column>
						<Label text="{i18n>OrderTxt}"/>
						<t:template>
							<Link
								text="{orderModel>ShortText}"
								emphasized="true"
								press="onOrderIdLinkPressed"
								class="gridTableCell"
							/>
						</t:template>
					</t:Column>
					<t:Column>
						<Label text="{i18n>OrderType}"/>
						<t:template>
							<Text
								text="{orderModel>OrderType}"
							/>
						</t:template>
					</t:Column>
				</t:columns>
			</t:Table>
		</l:content>
	</l:Grid>
</core:FragmentDefinition>