<core:FragmentDefinition
	xmlns="sap.m"
	xmlns:core="sap.ui.core"
	xmlns:l="sap.ui.layout"
	xmlns:f="sap.ui.layout.form"
>
	<ObjectListItem
		title="{OrderTxt}"
		intro="{OrderId}"
		type="Active"
		press="onKanbanItemPressed"
		highlight="{
			path: 'Priority',
			formatter: '.formatter.priorityState'
		}"
	>
		<firstStatus>
			<ObjectStatus
				text="{PriorityTxt}"
				state="{
					path: 'Priority',
					formatter: '.formatter.priorityState'
				}"
			/>
		</firstStatus>
		<secondStatus>
			<ObjectStatus
				text="{InOutBudget}"
				inverted="true"
				state="{
					path: 'InOutBudget',
					formatter: '.formatter.inOutBudgetState'
				}"
			/>
		</secondStatus>
		<ObjectAttribute text="S {
			path: 'ExpectedStartDate',
			formatter: 'com.amadeus.fiori.ppm.commons.util.CommonFormatter.formatDate'
		}"/>
		<ObjectAttribute text="D {
			path: 'ExpectedDeliveryDate',
			formatter: 'com.amadeus.fiori.ppm.commons.util.CommonFormatter.formatDate'
		}"/>
		<ObjectAttribute text="{ResponsibleTxt}"/>
		<!-- <markers>
			<ObjectMarker type="Flagged"/>
			<ObjectMarker type="Locked"/>
		</markers> -->
	</ObjectListItem>
</core:FragmentDefinition>